{"cameraMode":{"drawMode":31,"name":"Sprite Mask","section":"Miscellaneous"},"sceneLighting":true,"audioPlay":false,"sceneViewState":{"showFog":true,"showMaterialUpdate":false,"showSkybox":true,"showFlares":true,"showImageEffects":true,"showParticleSystems":true},"in2DMode":false,"pivot":{"x":-1.467360496520996,"y":0.010483372956514359,"z":2.6234512329101564},"rotation":{"x":-0.2420996129512787,"y":0.1152297630906105,"z":-0.028970414772629739,"w":-0.9629492163658142},"size":0.8101372122764587,"orthographic":false}